Workbook

Sheet Dashboard
A1: PrimeCart — 30-Day Launch Tracker
A2: Zero-spend organic campaign · target: 10 active shops
A4: Campaign start date | B4: 46259.333
A5: Campaign end date (day 30) | B5: =B4+29 -> 46288.333
A6: Today | B6: =TODAY() -> 46258
A7: Day of campaign | B7: =MIN(MAX(TODAY()-B4+1,0),30)&" / 30" -> 0 / 30
A9: Target activated shops | B9: 10
A10: Pace target as of today | B10: =ROUND(MIN(MAX(TODAY()-B4+1,0),30)/30*B9,1) -> 0
A12: Live totals (pulled from Contacts sheet)
A13: Total contacts logged | B13: =COUNTA(Contacts!C4:C500) -> 2
A14: Replied | B14: =COUNTIFS(Contacts!I4:I500,"Replied")+COUNTIFS(Contacts!I4:I500,"Interested")+COUNTIFS(Contacts!I4:I500,"Signed up")+COUNTIFS(Contacts!I4:I500,"Activated") -> 1
A15: Signed up (total) | B15: =COUNTA(Contacts!K4:K500) -> 2
A16: Activated (≥3 products + link shared) | B16: =COUNTA(Contacts!L4:L500) -> 2
A17: Activation rate (activated / contacts) | B17: =IFERROR(COUNTA(Contacts!L4:L500)/COUNTA(Contacts!C4:C500),0) -> 1
A19: Pace check
A20: Status | B20: =IF(COUNTA(Contacts!L4:L500)>=B10,"On pace","Behind pace") -> On pace
A22: Status breakdown
A23: New | B23: =COUNTIF(Contacts!I4:I500,"New") -> 0
A24: Contacted | B24: =COUNTIF(Contacts!I4:I500,"Contacted") -> 1
A25: Follow-up sent | B25: =COUNTIF(Contacts!I4:I500,"Follow-up sent") -> 0
A26: Replied | B26: =COUNTIF(Contacts!I4:I500,"Replied") -> 1
A27: Interested | B27: =COUNTIF(Contacts!I4:I500,"Interested") -> 0
A28: Signed up | B28: =COUNTIF(Contacts!I4:I500,"Signed up") -> 0
A29: Activated | B29: =COUNTIF(Contacts!I4:I500,"Activated") -> 0
A30: Not interested | B30: =COUNTIF(Contacts!I4:I500,"Not interested") -> 0

Sheet Contacts
A1: Contacts
A2: One row per prospect. Log the date fields as they happen — the Dashboard and Weekly Tracker read from them.
A3: ID | B3: Date added | C3: Name | D3: Shop / business | E3: Category | F3: Platform | G3: Handle / number | H3: Source | I3: Status | J3: Date first replied | K3: Date signed up | L3: Date activated | M3: Products added | N3: Link shared? (Y/N) | O3: Referred by | P3: Last contact date | Q3: Next action date | R3: Notes
A4: 1 | B4: 46258.833 | C4: Kojo Mensah | D4: Mensah Phone World | E4: Phone accessories | F4: In-person | G4: +233 24 000 0000 | H4: Market walk | I4: Contacted | M4: 0 | N4: N | P4: 46258.833 | R4: Kantamanto stall 12, visit again Thu
A5: 2 | B5: 46258.833 | C5: Ama Boateng | D5: Ama's Closet | E5: Fashion | F5: Instagram | G5: @amascloset | H5: Hashtag search | I5: Replied | J5: 46258.833 | M5: 0 | N5: N | P5: 46258.833 | R5: Commented on her post first
A6: =IF(C6="","",COUNTA($C$4:C6))
A7: =IF(C7="","",COUNTA($C$4:C7))
A8: =IF(C8="","",COUNTA($C$4:C8))
A9: =IF(C9="","",COUNTA($C$4:C9))
A10: =IF(C10="","",COUNTA($C$4:C10))
A11: =IF(C11="","",COUNTA($C$4:C11))
A12: =IF(C12="","",COUNTA($C$4:C12))
A13: =IF(C13="","",COUNTA($C$4:C13))
A14: =IF(C14="","",COUNTA($C$4:C14))
A15: =IF(C15="","",COUNTA($C$4:C15))
A16: =IF(C16="","",COUNTA($C$4:C16))
A17: =IF(C17="","",COUNTA($C$4:C17))
... A400: =IF(C400="","",COUNTA($C$4:C400))

Sheet Weekly Tracker
A1: Weekly Tracker
A2: Mirrors the 30-day plan. Everything here is computed from the Contacts sheet — fill dates there, not here.
A4: Week | B4: Theme | C4: Date range | D4: Contacts added | E4: Replied | F4: Signed up | G4: Activated (cumulative) | H4: Pace target | I4: On pace?
A5: Week 1 | B5: Build the list, seed the story | C5: =TEXT(Dashboard!$B$4+0,"dd mmm")&" – "&TEXT(Dashboard!$B$4+6,"dd mmm") -> 25 Aug – 31 Aug | D5: =COUNTIFS(Contacts!$B$4:$B$400,">="&(Dashboard!$B$4+0),Contacts!$B$4:$B$400,"<="&(Dashboard!$B$4+6)) -> 0 | E5: =COUNTIFS(Contacts!$J$4:$J$400,">="&(Dashboard!$B$4+0),Contacts!$J$4:$J$400,"<="&(Dashboard!$B$4+6)) -> 0 | F5: =COUNTIFS(Contacts!$K$4:$K$400,">="&(Dashboard!$B$4+0),Contacts!$K$4:$K$400,"<="&(Dashboard!$B$4+6)) -> 0 | G5: =COUNTIFS(Contacts!$L$4:$L$400,"<="&(Dashboard!$B$4+6)) -> 0 | H5: 2.5 | I5: =IF(G5>=H5,"On pace","Behind") -> Behind
A6: Week 2 | B6: Direct outreach, round one | C6: =TEXT(Dashboard!$B$4+7,"dd mmm")&" – "&TEXT(Dashboard!$B$4+13,"dd mmm") -> 01 Sept – 07 Sept | D6: =COUNTIFS(Contacts!$B$4:$B$400,">="&(Dashboard!$B$4+7),Contacts!$B$4:$B$400,"<="&(Dashboard!$B$4+13)) -> 0 | E6: =COUNTIFS(Contacts!$J$4:$J$400,">="&(Dashboard!$B$4+7),Contacts!$J$4:$J$400,"<="&(Dashboard!$B$4+13)) -> 0 | F6: =COUNTIFS(Contacts!$K$4:$K$400,">="&(Dashboard!$B$4+7),Contacts!$K$4:$K$400,"<="&(Dashboard!$B$4+13)) -> 0 | G6: =COUNTIFS(Contacts!$L$4:$L$400,"<="&(Dashboard!$B$4+13)) -> 0 | H6: 5 | I6: =IF(G6>=H6,"On pace","Behind") -> Behind
A7: Week 3 | B7: Widen the net, chase warm leads | C7: =TEXT(Dashboard!$B$4+14,"dd mmm")&" – "&TEXT(Dashboard!$B$4+20,"dd mmm") -> 08 Sept – 14 Sept | D7: =COUNTIFS(Contacts!$B$4:$B$400,">="&(Dashboard!$B$4+14),Contacts!$B$4:$B$400,"<="&(Dashboard!$B$4+20)) -> 0 | E7: =COUNTIFS(Contacts!$J$4:$J$400,">="&(Dashboard!$B$4+14),Contacts!$J$4:$J$400,"<="&(Dashboard!$B$4+20)) -> 0 | F7: =COUNTIFS(Contacts!$K$4:$K$400,">="&(Dashboard!$B$4+14),Contacts!$K$4:$K$400,"<="&(Dashboard!$B$4+20)) -> 0 | G7: =COUNTIFS(Contacts!$L$4:$L$400,"<="&(Dashboard!$B$4+20)) -> 0 | H7: 7.5 | I7: =IF(G7>=H7,"On pace","Behind") -> Behind
A8: Week 4 | B8: Activate, don't just sign up | C8: =TEXT(Dashboard!$B$4+21,"dd mmm")&" – "&TEXT(Dashboard!$B$4+27,"dd mmm") -> 15 Sept – 21 Sept | D8: =COUNTIFS(Contacts!$B$4:$B$400,">="&(Dashboard!$B$4+21),Contacts!$B$4:$B$400,"<="&(Dashboard!$B$4+27)) -> 0 | E8: =COUNTIFS(Contacts!$J$4:$J$400,">="&(Dashboard!$B$4+21),Contacts!$J$4:$J$400,"<="&(Dashboard!$B$4+27)) -> 0 | F8: =COUNTIFS(Contacts!$K$4:$K$400,">="&(Dashboard!$B$4+21),Contacts!$K$4:$K$400,"<="&(Dashboard!$B$4+27)) -> 0 | G8: =COUNTIFS(Contacts!$L$4:$L$400,"<="&(Dashboard!$B$4+27)) -> 0 | H8: 10 | I8: =IF(G8>=H8,"On pace","Behind") -> Behind
A9: Total | D9: =SUM(D5:D8) -> 0 | E9: =SUM(E5:E8) -> 0 | F9: =SUM(F5:F8) -> 0 | G9: =G8 -> 0

Sheet Channel Performance
A1: Channel Performance
A2: Which platform is actually converting — computed live from Contacts.
A4: Platform | B4: Contacts | C4: Replied | D4: Signed up | E4: Activated | F4: Reply rate | G4: Signup rate | H4: Activation rate
A5: WhatsApp | B5: =COUNTIF(Contacts!$F$4:$F$400,"WhatsApp") -> 0 | C5: =SUMPRODUCT((Contacts!$F$4:$F$400="WhatsApp")*(Contacts!$J$4:$J$400<>"")) -> 0 | D5: =SUMPRODUCT((Contacts!$F$4:$F$400="WhatsApp")*(Contacts!$K$4:$K$400<>"")) -> 0 | E5: =SUMPRODUCT((Contacts!$F$4:$F$400="WhatsApp")*(Contacts!$L$4:$L$400<>"")) -> 0 | F5: =IFERROR(C5/B5,0) -> 0 | G5: =IFERROR(D5/B5,0) -> 0 | H5: =IFERROR(E5/B5,0) -> 0
A6: Instagram | B6: =COUNTIF(Contacts!$F$4:$F$400,"Instagram") -> 1 | C6: =SUMPRODUCT((Contacts!$F$4:$F$400="Instagram")*(Contacts!$J$4:$J$400<>"")) -> 1 | D6: =SUMPRODUCT((Contacts!$F$4:$F$400="Instagram")*(Contacts!$K$4:$K$400<>"")) -> 0 | E6: =SUMPRODUCT((Contacts!$F$4:$F$400="Instagram")*(Contacts!$L$4:$L$400<>"")) -> 0 | F6: =IFERROR(C6/B6,0) -> 1 | G6: =IFERROR(D6/B6,0) -> 0 | H6: =IFERROR(E6/B6,0) -> 0
A7: Facebook | B7: =COUNTIF(Contacts!$F$4:$F$400,"Facebook") -> 0 | C7: =SUMPRODUCT((Contacts!$F$4:$F$400="Facebook")*(Contacts!$J$4:$J$400<>"")) -> 0 | D7: =SUMPRODUCT((Contacts!$F$4:$F$400="Facebook")*(Contacts!$K$4:$K$400<>"")) -> 0 | E7: =SUMPRODUCT((Contacts!$F$4:$F$400="Facebook")*(Contacts!$L$4:$L$400<>"")) -> 0 | F7: =IFERROR(C7/B7,0) -> 0 | G7: =IFERROR(D7/B7,0) -> 0 | H7: =IFERROR(E7/B7,0) -> 0
A8: TikTok | B8: =COUNTIF(Contacts!$F$4:$F$400,"TikTok") -> 0 | C8: =SUMPRODUCT((Contacts!$F$4:$F$400="TikTok")*(Contacts!$J$4:$J$400<>"")) -> 0 | D8: =SUMPRODUCT((Contacts!$F$4:$F$400="TikTok")*(Contacts!$K$4:$K$400<>"")) -> 0 | E8: =SUMPRODUCT((Contacts!$F$4:$F$400="TikTok")*(Contacts!$L$4:$L$400<>"")) -> 0 | F8: =IFERROR(C8/B8,0) -> 0 | G8: =IFERROR(D8/B8,0) -> 0 | H8: =IFERROR(E8/B8,0) -> 0
A9: Snapchat | B9: =COUNTIF(Contacts!$F$4:$F$400,"Snapchat") -> 0 | C9: =SUMPRODUCT((Contacts!$F$4:$F$400="Snapchat")*(Contacts!$J$4:$J$400<>"")) -> 0 | D9: =SUMPRODUCT((Contacts!$F$4:$F$400="Snapchat")*(Contacts!$K$4:$K$400<>"")) -> 0 | E9: =SUMPRODUCT((Contacts!$F$4:$F$400="Snapchat")*(Contacts!$L$4:$L$400<>"")) -> 0 | F9: =IFERROR(C9/B9,0) -> 0 | G9: =IFERROR(D9/B9,0) -> 0 | H9: =IFERROR(E9/B9,0) -> 0
A10: In-person | B10: =COUNTIF(Contacts!$F$4:$F$400,"In-person") -> 1 | C10: =SUMPRODUCT((Contacts!$F$4:$F$400="In-person")*(Contacts!$J$4:$J$400<>"")) -> 0 | D10: =SUMPRODUCT((Contacts!$F$4:$F$400="In-person")*(Contacts!$K$4:$K$400<>"")) -> 0 | E10: =SUMPRODUCT((Contacts!$F$4:$F$400="In-person")*(Contacts!$L$4:$L$400<>"")) -> 0 | F10: =IFERROR(C10/B10,0) -> 0 | G10: =IFERROR(D10/B10,0) -> 0 | H10: =IFERROR(E10/B10,0) -> 0
A11: Referral | B11: =COUNTIF(Contacts!$F$4:$F$400,"Referral") -> 0 | C11: =SUMPRODUCT((Contacts!$F$4:$F$400="Referral")*(Contacts!$J$4:$J$400<>"")) -> 0 | D11: =SUMPRODUCT((Contacts!$F$4:$F$400="Referral")*(Contacts!$K$4:$K$400<>"")) -> 0 | E11: =SUMPRODUCT((Contacts!$F$4:$F$400="Referral")*(Contacts!$L$4:$L$400<>"")) -> 0 | F11: =IFERROR(C11/B11,0) -> 0 | G11: =IFERROR(D11/B11,0) -> 0 | H11: =IFERROR(E11/B11,0) -> 0
A13: Total | B13: =SUM(B5:B11) -> 2 | C13: =SUM(C5:C11) -> 1 | D13: =SUM(D5:D11) -> 0 | E13: =SUM(E5:E11) -> 0

Sheet Scripts
A1: Outreach Scripts
A2: Copy-paste reference, matched to each platform's norms. Full rationale lives in the campaign doc.
A4: Platform | B4: Script | C4: Text
A5: WhatsApp | B5: First message | C5: Hi [Name] 👋 I saw your [phones/jewellery/clothes] on [Instagram/at your stall in Kantamanto] — really nice stock. I built something called PrimeCart — it gives you your own online shop (like yourname.primecart.app) where customers can browse and order, and it keeps your stock count updated automatically when something sells. It's free to try. Can I set up your first 3 products for you right now so you can see it working — takes 5 minutes?
A6: WhatsApp | B6: Follow-up (48h, no reply) | C6: Hey [Name], just following up in case this got buried 🙂 Happy to do the setup for you whenever's convenient — even a quick call works.
A7: WhatsApp | B7: Status caption | C7: Shop owners — tired of losing track of stock over DM? I'm helping a few [Accra] sellers set up a real online shop this week, free. Reply if you want yours 👆
A8: Instagram | B8: Comment on product post | C8: This [piece/bag/pair] is gorgeous 😍 quick q — do you take orders through a website or just DM? Sent you something that might save you time either way.
A9: Instagram | B9: DM (after commenting) | C9: Hey [Name]! Just left a comment on your [product] post — really nice. I build PrimeCart, a free online shop for sellers like you (yourname.primecart.app) that keeps stock updated automatically instead of tracking it over DMs. Want me to set up 3 of your products on it so you can see it live? Takes 5 minutes and costs nothing.
A10: Instagram | B10: Story reply | C10: This keeps happening because there's no stock count anywhere but your head 😅 I've got a free tool that fixes exactly this — mind if I show you?
A11: Facebook | B11: Marketplace comment/DM | C11: Hi, is this still available? Also — random q, do you sell online anywhere besides Marketplace? I run a free tool (PrimeCart) that gives sellers their own shop link and tracks stock automatically. Happy to set one up for you if useful.
A12: Facebook | B12: Group post (value-first) | C12: Small-business owners in here — quick tip: if you're taking orders over DM/WhatsApp, it's really easy to lose track of what's actually in stock. I built a free tool (PrimeCart) that gives you a simple online shop + auto stock updates. Not trying to sell anything, just dropping it here in case it's useful — comment or DM if you want to try it.
A13: TikTok | B13: Comment on video | C13: Wait this sold out that fast?? 😳 do you track stock by hand or is there a system? asking bc I might have something that helps
A14: TikTok | B14: DM (once mutual) | C14: Hey! Saw your video — I build PrimeCart, a free online shop for sellers that updates stock automatically when something sells, so no more guessing what's left. Want me to set up your first few products so you can see it? Takes 5 mins, free.
A15: Snapchat | B15: Chat message | C15: heyy 👋 love what you're selling! quick one — you taking orders just through snap/whatsapp rn? got a free tool that gives you an actual shop link + tracks your stock for you, takes 5 min to set up if you want to try it 🙌
A16: Snapchat | B16: Story reply | C16: okay this is fire 🔥 ngl a shop link would go crazy for this — want me to set one up for you free? takes like 5 min
